Name,Email,Company Name,Job Title,Message
Amit Sharma,amit.sharma@gmail.com,FinTechPro,CEO,We are looking to implement AI for financial forecasting immediately
Neha Verma,neha.verma@gmail.com,MarketBoost,Marketing Head,Interested in AI tools to improve campaign performance this quarter
Rahul Singh,rahul.singh@gmail.com,HealthSync,CTO,Need AI-based patient data analysis solution for our hospital
Pooja Gupta,pooja.gupta@gmail.com,EduLearn,Founder,Exploring AI for building an adaptive learning platform
Arjun Nair,arjun.nair@gmail.com,RetailX,Manager,Looking for inventory optimization solutions
Sneha Iyer,sneha.iyer@gmail.com,DataMind,Analyst,Just researching AI analytics tools for future use
Vikram Patel,vikram.patel@gmail.com,BuildPro,Operations Head,We have a project next year but exploring options now
Kavita Joshi,kavita.joshi@gmail.com,SmartRetail,Consultant,Comparing vendors for possible AI integration
Rohan Mehta,rohan.mehta@gmail.com,AutoDrive,Product Manager,Interested in AI for autonomous driving features
Meera Reddy,meera.reddy@gmail.com,CloudCore,CTO,We need scalable AI solutions for our platform soon
Suresh Kumar,suresh.kumar@gmail.com,StartEase,Assistant,No immediate requirement
Anjali Desai,anjali.desai@gmail.com,FinEdge,CFO,Looking for predictive financial modeling tools urgently
Manish Patel,manish.patel@gmail.com,LogiChain,Operations Manager,Interested in AI for supply chain optimization this year
Divya Menon,divya.menon@gmail.com,HealthCareX,Director,Planning to implement AI diagnostics in upcoming quarter
Karan Malhotra,karan.malhotra@gmail.com,TechWave,Engineer,Curious about AI capabilities in general
Isha Singh,isha.singh@gmail.com,InnovateLab,Manager,Evaluating AI options for automation workflows
Nikhil Jain,nikhil.jain@gmail.com,VisionSoft,CTO,Need AI integration for our SaaS product immediately
Priya Nair,priya.nair@gmail.com,CoreAnalytics,Analyst,Gathering information about AI tools
Aditya Roy,aditya.roy@gmail.com,NextGenAI,Founder,We are planning an AI-based product launch soon
Shweta Agarwal,shweta.agarwal@gmail.com,PrimeTech,Executive,No clear requirement yet
Harsh Vardhan,harsh.v@gmail.com,SystemWorks,Manager,Interested in process automation using AI
Tanvi Kulkarni,tanvi.k@gmail.com,DataBridge,Consultant,Comparing AI solutions for a client project
Deepak Chauhan,deepak.c@gmail.com,OrbitSystems,Engineer,Looking for technical details on AI integration
Ritika Singh,ritika.singh@gmail.com,SmartOps,Operations Head,Need AI-driven optimization tools for logistics
Sanjay Das,sanjay.das@gmail.com,AlphaCore,Assistant,No urgent need
Monica Fernandes,monica.f@gmail.com,NeoTech,Director,Planning to adopt AI solutions in near future
Vivek Sharma,vivek.sharma@gmail.com,CloudNet,DevOps Lead,Interested in AI automation for infrastructure
Alok Mishra,alok.mishra@gmail.com,SoftSolutions,Developer,Exploring AI APIs for experimentation
Preeti Sood,preeti.sood@gmail.com,NextWave,HR Manager,Looking for AI recruitment tools soon
Rajesh Iyer,rajesh.iyer@gmail.com,DataSphere,CEO,We are actively looking for AI solutions to scale our business
Simran Kaur,simran.kaur@gmail.com,VisionEdge,Product Manager,Interested in AI recommendations system for our app